"numGeoids","profile","category","variable","base","estimate","moe","cv","percent","percent_moe","is_reliable","comparison_estimate","comparison_moe","comparison_cv","comparison_percent","comparison_percent_moe","comparison_is_reliable","difference_estimate","difference_moe","difference_reliable","difference_percent","difference_percent_moe","difference_percent_reliable"
"","demographic","asian_subgroup","asn1rc","Asn1Rc","7761","857.76395354433","6.71868385293571","1","0","true","1198334","3003","0.2","1","0","true","-1190573","3123.102303799861","true","0","0",""
"","demographic","asian_subgroup","asn2pl","Asn1Rc","179","121.461928191512","41.2497421308899","0.023064038139415","0.0154413023932343","false","16227","1346","5","0.014","0.001","true","-16048","1351.4692005369564","true","0.9064038139414998","1.5473649201119408","false"
"","demographic","asian_subgroup","asnbhutn","Asn1Rc","0","0","","0","0","false","311","244","47.7","0","0","false","-311","244","false","0","0",""
"","demographic","asian_subgroup","asnbng","Asn1Rc","3911","754.387168501692","11.7257484890126","0.503929905939956","0.0796636646030619","true","66335","3901","3.6","0.055","0.003","true","-62424","3973.273335676769","true","44.8929905939956","7.972013207458414","true"
"","demographic","asian_subgroup","asnburm","Asn1Rc","0","0","","0","0","false","4542","809","10.8","0.004","0.001","true","-4542","809","true","-0.4","0.1","true"
"","demographic","asian_subgroup","asnchinot","Asn1Rc","119","89.6046873773911","45.7738946016148","0.0153330756345832","0.0114204607638481","false","574642","6709","0.7","0.48","0.005","true","-574523","6709.598348634589","true","-46.46669243654168","1.2467033490714376","true"
"","demographic","asian_subgroup","asncmb","Asn1Rc","0","0","","0","0","false","3097","975","19.1","0.003","0.001","true","-3097","975","true","-0.3","0.1","false"
"","demographic","asian_subgroup","asneast","Asn1Rc","198","104.307238483242","32.0245735418754","0.0255121762659451","0.0131408143675734","false","699450","7811","0.7","0.584","0.006","true","-699252","7811.696422672862","true","-55.84878237340549","1.444579531362062","true"
"","demographic","asian_subgroup","asnflp","Asn1Rc","290","188.324188568543","39.4768239321963","0.0373663187733539","0.0239114386869766","false","73881","2673","2.2","0.062","0.002","true","-73591","2679.625906726534","true","-2.4633681226646105","2.3994934883867494","false"
"","demographic","asian_subgroup","asnhmng","Asn1Rc","0","0","","0","0","false","34","33","59","0","0","false","-34","33","false","0","0",""
"","demographic","asian_subgroup","asnind","Asn1Rc","2914","506.540225451049","10.5671650214153","0.375467078984667","0.0503764784546874","true","230594","4910","1.3","0.192","0.004","true","-227680","4936.059460743964","true","18.3467078984667","5.053503320960207","true"
"","demographic","asian_subgroup","asnindnsn","Asn1Rc","0","0","","0","0","false","3716","747","12.2","0.003","0.001","true","-3716","747","true","-0.3","0.1","false"
"","demographic","asian_subgroup","asnjpn","Asn1Rc","6","9","91.1854103343465","0.000773096250483185","0.00115649225258246","false","25447","1726","4.1","0.021","0.001","true","-25441","1726.0234644986724","true","-2.0226903749516816","0.15288800902239694","true"
"","demographic","asian_subgroup","asnkor","Asn1Rc","51","42.8135492572153","51.0323013972409","0.00657131812910707","0.00546848086037724","false","87866","3365","2.3","0.073","0.003","true","-87815","3365.272351534122","true","-6.6428681870892925","0.6237329790889063","true"
"","demographic","asian_subgroup","asnlao","Asn1Rc","0","0","","0","0","false","385","145","22.9","0","0","false","-385","145","false","0","0",""
"","demographic","asian_subgroup","asnmalsn","Asn1Rc","0","0","","0","0","false","2072","528","15.5","0.002","0","true","-2072","528","true","-0.2","0","true"
"","demographic","asian_subgroup","asnmgol","Asn1Rc","0","0","","0","0","false","568","268","28.7","0","0","false","-568","268","false","0","0",""
"","demographic","asian_subgroup","asnnepal","Asn1Rc","0","0","","0","0","false","7876","1076","8.3","0.007","0.001","true","-7876","1076","true","-0.7000000000000001","0.1","true"
"","demographic","asian_subgroup","asnoasn","Asn1Rc","126","111.189028235703","53.6445352611102","0.0162350212601469","0.0142138275036642","false","10189","1109","6.6","0.009","0.001","true","-10063","1114.560002871088","true","0.7235021260146901","1.4248961095599948","false"
"","demographic","asian_subgroup","asnokinw","Asn1Rc","0","0","","0","0","false","0","0","","0","0","false","0","0","","","",""
"","demographic","asian_subgroup","asnpak","Asn1Rc","143","126.384334472275","53.7268410195232","0.0184254606365159","0.0161567105993757","false","53541","3324","3.8","0.045","0.003","true","-53398","3326.4018097638173","true","-2.6574539363484098","1.6432872463205543","false"
"","demographic","asian_subgroup","asnseast","Asn1Rc","290","188.324188568543","39.4768239321963","0.0373663187733539","0.0239114386869766","false","109395","3460","1.9","0.091","0.003","true","-109105","3465.121354296268","true","-5.36336812266461","2.4098898316749695","false"
"","demographic","asian_subgroup","asnsouth","Asn1Rc","6968","917.176100866131","8.00163405150537","0.897822445561139","0.0641829766328422","true","363073","7215","1.2","0.303","0.006","true","-356105","7273.062422391272","true","59.4822445561139","6.446281478070879","true"
"","demographic","asian_subgroup","asnsril","Asn1Rc","0","0","","0","0","false","4416","681","9.4","0.004","0.001","true","-4416","681","true","-0.4","0.1","true"
"","demographic","asian_subgroup","asnthai","Asn1Rc","0","0","","0","0","false","6994","798","6.9","0.006","0.001","true","-6994","798","true","-0.6","0.1","true"
"","demographic","asian_subgroup","asntwn","Asn1Rc","22","31","85.6590218292346","0.00283468625177168","0.00398202494500691","false","10927","1278","7.1","0.009","0.001","true","-10905","1278.3759228020529","true","-0.6165313748228318","0.41056695754355693","false"
"","demographic","asian_subgroup","asnvtn","Asn1Rc","0","0","","0","0","false","14674","1315","5.4","0.012","0.001","true","-14674","1315","true","-1.2","0.1","true"
"","demographic","demographic__special_variable","mdpop0t4","MdAge","2506","0","","0","0","false","560358","0","","0","0","false","-557852","0","true","0","0",""
"","demographic","demographic__special_variable","mdpop10t14","MdAge","1712","0","","0","0","false","466865","0","","0","0","false","-465153","0","true","0","0",""
"","demographic","demographic__special_variable","mdpop15t17","MdAge","804","0","","0","0","false","281103","0","","0","0","false","-280299","0","true","0","0",""
"","demographic","demographic__special_variable","mdpop18t19","MdAge","526","0","","0","0","false","189651","0","","0","0","false","-189125","0","true","0","0",""
"","demographic","demographic__special_variable","mdpop20","MdAge","276","0","","0","0","false","113457","0","","0","0","false","-113181","0","true","0","0",""
"","demographic","demographic__special_variable","mdpop21","MdAge","245","0","","0","0","false","112306","0","","0","0","false","-112061","0","true","0","0",""
"","demographic","demographic__special_variable","mdpop22t24","MdAge","1167","0","","0","0","false","380066","0","","0","0","false","-378899","0","true","0","0",""
"","demographic","demographic__special_variable","mdpop25t29","MdAge","2758","0","","0","0","false","799350","0","","0","0","false","-796592","0","true","0","0",""
"","demographic","demographic__special_variable","mdpop30t34","MdAge","2773","0","","0","0","false","728269","0","","0","0","false","-725496","0","true","0","0",""
"","demographic","demographic__special_variable","mdpop35t39","MdAge","2078","0","","0","0","false","616797","0","","0","0","false","-614719","0","true","0","0",""
"","demographic","demographic__special_variable","mdpop40t44","MdAge","2055","0","","0","0","false","560621","0","","0","0","false","-558566","0","true","0","0",""
"","demographic","demographic__special_variable","mdpop45t49","MdAge","1797","0","","0","0","false","554744","0","","0","0","false","-552947","0","true","0","0",""
"","demographic","demographic__special_variable","mdpop50t54","MdAge","1962","0","","0","0","false","555927","0","","0","0","false","-553965","0","true","0","0",""
"","demographic","demographic__special_variable","mdpop55t59","MdAge","1572","0","","0","0","false","517646","0","","0","0","false","-516074","0","true","0","0",""
"","demographic","demographic__special_variable","mdpop5t9","MdAge","1729","0","","0","0","false","486318","0","","0","0","false","-484589","0","true","0","0",""
"","demographic","demographic__special_variable","mdpop60t61","MdAge","448","0","","0","0","false","201161","0","","0","0","false","-200713","0","true","0","0",""
"","demographic","demographic__special_variable","mdpop62t64","MdAge","911","0","","0","0","false","267165","0","","0","0","false","-266254","0","true","0","0",""
"","demographic","demographic__special_variable","mdpop65t66","MdAge","472","0","","0","0","false","168727","0","","0","0","false","-168255","0","true","0","0",""
"","demographic","demographic__special_variable","mdpop67t69","MdAge","691","0","","0","0","false","209295","0","","0","0","false","-208604","0","true","0","0",""
"","demographic","demographic__special_variable","mdpop70t74","MdAge","615","0","","0","0","false","272617","0","","0","0","false","-272002","0","true","0","0",""
"","demographic","demographic__special_variable","mdpop75t79","MdAge","636","0","","0","0","false","204441","0","","0","0","false","-203805","0","true","0","0",""
"","demographic","demographic__special_variable","mdpop80t84","MdAge","350","0","","0","0","false","147588","0","","0","0","false","-147238","0","true","0","0",""
"","demographic","demographic__special_variable","mdpop85pl","MdAge","205","0","","0","0","false","165600","0","","0","0","false","-165395","0","true","0","0",""
"","demographic","demographic__special_variable","mdpop_3","MdAge","28288","0","","0","0","false","8560072","0","","0","0","false","-8531784","0","true","0","0",""
"","demographic","hispanic_subgroup","hsp2","Hsp2","12331","1191.14734604918","5.87220606699441","1","0","true","2491496","0","0","1","0","true","-2479165","1191.14734604918","true","0","0",""
"","demographic","hispanic_subgroup","hspalloth","Hsp2","463","201.957916408345","26.5163649790707","0.037547644148893","0.0159714036607588","false","65620","2830","2.6","0.026","0.001","true","-65157","2837.1970322837997","true","1.1547644148893","1.6002678991184558","false"
"","demographic","hispanic_subgroup","hsparg","Hsp2","115","182","96.2072155411656","0.00932608871948747","0.0147320299270778","false","19089","2100","6.7","0.008","0.001","true","-18974","2107.871912617083","true","0.13260887194874693","1.476593057590059","false"
"","demographic","hispanic_subgroup","hspbol","Hsp2","11","17","93.9486045869025","0.000892060660124889","0.00137594352823481","false","4400","823","11.4","0.002","0","true","-4389","823.1755584321002","true","-0.11079393398751111","0.137594352823481","false"
"","demographic","hispanic_subgroup","hspcam","Hsp2","5078","837.484328211579","10.0257781431741","0.411807639283108","0.0550480839656136","true","181646","5027","1.7","0.073","0.002","true","-176568","5096.283842173629","true","33.8807639283108","5.508440385703784","true"
"","demographic","hispanic_subgroup","hspchl","Hsp2","9","14","94.5626477541371","0.000729867812829454","0.00113315872934297","false","8128","1088","8.1","0.003","0","true","-8119","1088.090069801209","true","-0.2270132187170546","0.11331587293429699","false"
"","demographic","hispanic_subgroup","hspcol","Hsp2","981","333.10809056521","20.6419285925106","0.0795555915984105","0.0258977186806304","false","101445","4235","2.5","0.041","0.002","true","-100464","4248.080272311247","true","3.8555591598410492","2.5974830757120877","false"
"","demographic","hispanic_subgroup","hspcr","Hsp2","57","67.4166151627327","71.8995522452223","0.00462249614791988","0.00544898158507875","false","7567","1018","8.2","0.003","0","true","-7510","1020.229876057352","true","0.16224961479198796","0.5448981585078749","false"
"","demographic","hispanic_subgroup","hspcub","Hsp2","89","64.5213143077542","44.0704308648982","0.00721758170464683","0.00518579011812656","false","41281","2082","3.1","0.017","0.001","true","-41192","2082.9995199231325","true","-0.9782418295353171","0.5281327404096349","false"
"","demographic","hispanic_subgroup","hspdom","Hsp2","1308","370.862508215646","17.2361111056415","0.106074122131214","0.0282763472485536","true","707615","10080","0.9","0.284","0.004","true","-706307","10086.820063825864","true","-17.7925877868786","2.8557867807677537","true"
"","demographic","hispanic_subgroup","hspec","Hsp2","1560","437.716803424315","17.0570027053353","0.126510420890439","0.0333273500656695","true","198854","5674","1.7","0.08","0.002","true","-197294","5690.858634687739","true","4.6510420890439015","3.338730690546455","false"
"","demographic","hispanic_subgroup","hspguatm","Hsp2","1829","511.375595819746","16.9965349151793","0.148325358851675","0.0389169993498741","true","38440","2694","4.3","0.015","0.001","true","-36611","2742.105213152843","true","13.3325358851675","3.8929845085719275","true"
"","demographic","hispanic_subgroup","hsphnd","Hsp2","607","278.431320077322","27.8845405504496","0.0492255291541643","0.0220734206291588","false","51048","3320","4","0.02","0.001","true","-50441","3331.6548440677343","true","2.9225529154164303","2.2096060695784066","false"
"","demographic","hispanic_subgroup","hspme","Hsp2","1569","663.051280068141","25.6896550013712","0.127240288703268","0.0523474732808667","false","343275","9581","1.7","0.138","0.004","true","-341706","9603.915763895475","true","-1.0759711296731993","5.250007579890769","false"
"","demographic","hispanic_subgroup","hspnic","Hsp2","84","107.205410311234","77.5838835658082","0.00681209958640824","0.00866903681692301","false","11854","1498","7.7","0.005","0.001","true","-11770","1501.83121554987","true","0.181209958640824","0.8726522751541225","false"
"","demographic","hispanic_subgroup","hspocam","Hsp2","0","0","","0","0","false","1249","380","18.5","0.001","0","true","-1249","380","true","-0.1","0","true"
"","demographic","hispanic_subgroup","hsposam","Hsp2","0","0","","0","0","false","3551","798","13.7","0.001","0","true","-3551","798","true","-0.1","0","true"
"","demographic","hispanic_subgroup","hspoth","Hsp2","495","207.101424427743","25.433842918884","0.04014272970562","0.0163414101285294","false","102211","3620","2.2","0.041","0.001","true","-101716","3625.9193317005825","true","-0.08572702943799992","1.6371978652221704","false"
"","demographic","hispanic_subgroup","hsppan","Hsp2","5","13","158.054711246201","0.000405482118238586","0.00105352563931547","false","23579","1676","4.3","0.009","0.001","true","-23574","1676.0504169027852","true","-0.8594517881761413","0.14525550842205848","true"
"","demographic","hispanic_subgroup","hspperu","Hsp2","130","142.144292885786","66.4691572998764","0.0105425350742032","0.011482321128603","false","42403","2970","4.3","0.017","0.001","true","-42273","2973.3995695163476","true","-0.6457464925796803","1.1525784073127643","false"
"","demographic","hispanic_subgroup","hsppr","Hsp2","917","289.991379182209","19.2242696504201","0.0743654204849566","0.022393269414066","true","718473","8715","0.7","0.288","0.003","true","-717556","8719.823392706987","true","-21.363457951504337","2.2593328994438684","true"
"","demographic","hispanic_subgroup","hspprg","Hsp2","69","108","95.1499933923616","0.00559565323169248","0.00874171843824099","false","3474","738","12.9","0.001","0","true","-3405","745.8605767836239","true","0.45956532316924803","0.874171843824099","false"
"","demographic","hispanic_subgroup","hspsalv","Hsp2","2496","640.989079470158","15.6113387369982","0.202416673424702","0.0481643049556526","true","47909","3322","4.2","0.019","0.001","true","-45413","3383.2751883345227","true","18.3416673424702","4.817468496898658","true"
"","demographic","hispanic_subgroup","hspsam","Hsp2","2875","582.511802455538","12.3168875899149","0.233152217987187","0.0415251981486243","true","396995","7557","1.2","0.159","0.003","true","-394120","7579.417457826162","true","7.415221798718699","4.163342504866145","false"
"","demographic","hispanic_subgroup","hspspam","Hsp2","0","0","","0","0","false","589","249","25.7","0","0","false","-589","249","false","0","0",""
"","demographic","hispanic_subgroup","hspspnrd","Hsp2","25","50","121.580547112462","0.00202741059119293","0.00405008891146858","false","25783","1850","4.4","0.01","0.001","true","-25758","1850.6755523321747","true","-0.797258940880707","0.4171716695893999","false"
"","demographic","hispanic_subgroup","hspspnsh","Hsp2","7","16","138.949196699957","0.00056767496553402","0.0012963835306983","false","10219","1521","9","0.004","0.001","true","-10212","1521.0841528331034","true","-0.343232503446598","0.1637256931170484","false"
"","demographic","hispanic_subgroup","hspurg","Hsp2","0","0","","0","0","false","3113","532","10.4","0.001","0","true","-3113","532","true","-0.1","0","true"
"","demographic","hispanic_subgroup","hspvnz","Hsp2","0","0","","0","0","false","12538","1390","6.7","0.005","0.001","true","-12538","1390","true","-0.5","0.1","true"
"","demographic","mutually_exclusive_race_hispanic_origin","aiannh","Pop_2","55","104.009614940158","114.959508085281","0.00194428733031674","0.00367588275629763","false","15060","925","3.7","0.002","0.001","true","-15005","930.8292002295588","true","0","0.3809476871966315",""
"","demographic","mutually_exclusive_race_hispanic_origin","asnnh","Pop_2","7736","859.548718805397","6.75442111570424","0.273472850678733","0.028077325424743","true","1188404","2990","0.2","0.139","0.001","true","-1180668","3111.0969126660134","true","13.447285067873299","2.809512774498311","true"
"","demographic","mutually_exclusive_race_hispanic_origin","blnh","Pop_2","4204","569.463782869464","8.23450502878231","0.148614253393665","0.0191154620763399","true","1885890","3313","0.1","0.22","0.001","true","-1881686","3361.585637760847","true","-7.1385746606335","1.914160104045607","true"
"","demographic","mutually_exclusive_race_hispanic_origin","hsp1","Pop_2","12331","1191.14734604918","5.87220606699441","0.435909219457014","0.0378179324485552","true","2491496","0","0","0.291","0","true","-2479165","1191.14734604918","true","14.490921945701398","3.78179324485552","true"
"","demographic","mutually_exclusive_race_hispanic_origin","nhpinh","Pop_2","0","0","","0","0","false","2819","409","8.8","0","0.001","true","-2819","409","true","0","0.1",""
"","demographic","mutually_exclusive_race_hispanic_origin","nhsp","Pop_2","15957","1037.55722733736","3.95270963715504","0.564090780542986","0.0277691818938769","true","6068576","0","0","0.709","0","true","-6052619","1037.55722733736","true","-14.490921945701388","2.77691818938769","true"
"","demographic","mutually_exclusive_race_hispanic_origin","othnh","Pop_2","2034","585.102555113204","17.4869933056939","0.0719032805429864","0.0204570103767093","true","74287","3187","2.6","0.009","0.001","true","-72253","3240.264495376882","true","6.290328054298641","2.0481437292162674","true"
"","demographic","mutually_exclusive_race_hispanic_origin","pop_2","Pop_2","28288","1201.64179354748","2.58230109397452","1","0","true","8560072","0","0","1","0","true","-8531784","1201.64179354748","true","0","0",""
"","demographic","mutually_exclusive_race_hispanic_origin","rc2plnh","Pop_2","594","251.632668785275","25.7522201534366","0.0209983031674208","0.00885055085291688","false","154957","3896","1.5","0.018","0.001","true","-154363","3904.1176980208984","true","0.29983031674208016","0.8906865352079131","false"
"","demographic","mutually_exclusive_race_hispanic_origin","wtnh","Pop_2","1334","298.251571663923","13.5913003223581","0.0471578054298643","0.0103513448523278","true","2747159","1907","0","0.321","0.001","true","-2745825","1930.1821157600648","true","-27.38421945701357","1.0399535578659906","true"
"","demographic","poppyramid_only","fpop0t5","Pop","1233","282.412818405964","13.9237246445132","0.0435873868778281","0.0098102885026616","true","273543","211","0","0.032","0","true","-272310","352.5308497138938","true","1.1587386877828099","0.98102885026616","false"
"","demographic","poppyramid_only","fpop10t14","Pop","627","155.20309275269","15.0475892587067","0.0221648755656109","0.00540514273247322","true","228745","2625","0.7","0.027","0","true","-228118","2629.584187661616","true","-0.4835124434389102","0.540514273247322","false"
"","demographic","poppyramid_only","fpop15t19","Pop","679","158.372977493005","14.1789935577535","0.0240031108597285","0.00550496147045086","true","233646","266","0.1","0.027","0","true","-232967","309.577130938317","true","-0.29968891402715014","0.550496147045086","false"
"","demographic","poppyramid_only","fpop20t24","Pop","765","163.783393541592","13.0149507155049","0.0270432692307692","0.0056747462548341","true","310915","3027","0.6","0.036","0","true","-310150","3031.4277164398954","true","-0.8956730769230794","0.56747462548341","false"
"","demographic","poppyramid_only","fpop25t29","Pop","1476","266.947560393423","10.9944547571034","0.0521776018099548","0.0091727935526724","true","413356","182","0","0.048","0","true","-411880","323.0866756769771","true","0.4177601809954803","0.9172793552672399","false"
"","demographic","poppyramid_only","fpop30t34","Pop","1320","228.203856233851","10.5095263992747","0.0466628959276018","0.00781984829978478","true","372379","240","0","0.044","0","true","-371059","331.1751802294371","true","0.26628959276018005","0.781984829978478","false"
"","demographic","poppyramid_only","fpop35t39","Pop","1042","186.764557665527","10.8958431392475","0.036835407239819","0.00641415538243092","true","317872","3206","0.6","0.037","0","true","-316830","3211.435348874394","true","0","0.6414155382430919",""
"","demographic","poppyramid_only","fpop40t44","Pop","933","195.253681143276","12.7218914143203","0.0329821832579186","0.00675866182538314","true","288621","3262","0.7","0.034","0","true","-287688","3267.8384292984865","true","-0.10178167420814033","0.675866182538314","false"
"","demographic","poppyramid_only","fpop45t49","Pop","1021","195.261363305699","11.6258488641685","0.0360930429864253","0.00673019403917737","true","288054","186","0","0.034","0","true","-287033","269.6720230205577","true","0.20930429864252975","0.673019403917737","false"
"","demographic","poppyramid_only","fpop50t54","Pop","934","199.909979740882","13.0113301446133","0.0330175339366516","0.00692637663816995","true","291684","194","0","0.034","0","true","-290750","278.5677655436821","true","-0.09824660633484061","0.692637663816995","false"
"","demographic","poppyramid_only","fpop55t59","Pop","740","157.787832230499","12.962115520455","0.0261595022624434","0.00546609766327366","true","276383","2816","0.6","0.032","0","true","-275643","2820.4171677253703","true","-0.5840497737556598","0.5466097663273659","false"
"","demographic","poppyramid_only","fpop5t9","Pop","828","176.141988179991","12.9320285582126","0.0292703619909502","0.00610133625343401","true","238356","2607","0.7","0.028","0","true","-237528","2612.943742218726","true","0.1270361990950195","0.610133625343401","false"
"","demographic","poppyramid_only","fpop60t64","Pop","642","151.099305094365","14.307426932777","0.0226951357466063","0.0052537423587389","true","254246","3274","0.8","0.03","0","true","-253604","3277.4848588513723","true","-0.7304864253393699","0.52537423587389","false"
"","demographic","poppyramid_only","fpop65t69","Pop","680","160.087476087294","14.3114139180488","0.0240384615384615","0.0055663144333199","true","212645","2838","0.8","0.025","0","true","-211965","2842.511565499778","true","-0.09615384615384981","0.55663144333199","false"
"","demographic","poppyramid_only","fpop70t74","Pop","364","115.126017910809","19.2267640720815","0.0128676470588235","0.0040329093612701","true","155986","2132","0.8","0.018","0","true","-155622","2135.1060863573034","true","-0.5132352941176499","0.40329093612701","false"
"","demographic","poppyramid_only","fpop75t79","Pop","395","125.023997696442","19.2411215723046","0.0139635180995475","0.0043796994687761","true","120244","1851","0.9","0.014","0","true","-119849","1855.2175074637476","true","0","0.43796994687761004",""
"","demographic","poppyramid_only","fpop80t84","Pop","165","70.1712191713953","25.8528946012325","0.00583286199095023","0.00246819486176574","false","90538","1769","1.2","0.011","0","true","-90373","1770.3911997070027","true","-0.5167138009049769","0.24681948617657398","false"
"","demographic","poppyramid_only","fpop85pl","Pop","162","76.694197955256","28.7793905794799","0.00572680995475113","0.00270025597475908","false","112952","1729","0.9","0.013","0","true","-112790","1730.7001473392206","true","-0.7273190045248871","0.270025597475908","false"
"","demographic","poppyramid_only","mpop0t5","Pop","1273","280.916357658289","13.4147543035879","0.0450014140271493","0.00974485761475949","true","286815","255","0.1","0.034","0","true","-285542","379.392936149317","true","1.1001414027149297","0.9744857614759491","false"
"","demographic","poppyramid_only","mpop10t14","Pop","1085","204.624045507853","11.4646559471014","0.0383554864253394","0.007047719064768","true","238120","2645","0.7","0.028","0","true","-237035","2652.9033152378547","true","1.0355486425339393","0.7047719064768","false"
"","demographic","poppyramid_only","mpop15t19","Pop","651","146.495733726276","13.6797476621215","0.0230132918552036","0.0050856188512783","true","237108","253","0.1","0.028","0","true","-236457","292.3525269259699","true","-0.49867081447964035","0.50856188512783","false"
"","demographic","poppyramid_only","mpop20t24","Pop","923","173.513688220843","11.4278922781101","0.0326286764705882","0.00597517812700187","true","294914","3056","0.6","0.034","0","true","-293991","3060.921919945035","true","-0.1371323529411801","0.597517812700187","false"
"","demographic","poppyramid_only","mpop25t29","Pop","1282","267.323773727665","12.6760416013953","0.0453195701357466","0.00925191074274633","true","385994","196","0","0.045","0","true","-384712","331.4785060905154","true","0.031957013574659854","0.925191074274633","false"
"","demographic","poppyramid_only","mpop30t34","Pop","1453","276.862781897459","11.5833201989578","0.051364536199095","0.00954097874942296","true","355890","237","0","0.042","0","true","-354437","364.4475270872337","true","0.9364536199094999","0.9540978749422959","false"
"","demographic","poppyramid_only","mpop35t39","Pop","1036","204.369762929842","11.991982427729","0.0366233031674208","0.00705512120580219","true","298925","3097","0.6","0.035","0","true","-297889","3103.735813499596","true","0.16233031674207998","0.705512120580219","false"
"","demographic","poppyramid_only","mpop40t44","Pop","1122","234.748801913876","12.7187556910356","0.0396634615384615","0.0081256903617184","true","272000","3094","0.7","0.032","0","true","-270878","3102.8926826430848","true","0.76634615384615","0.81256903617184","false"
"","demographic","poppyramid_only","mpop45t49","Pop","776","170.22925717984","13.3354163804593","0.0274321266968326","0.00590381754388178","true","266690","276","0.1","0.031","0","true","-265914","324.27457501321334","true","-0.3567873303167399","0.5903817543881781","false"
"","demographic","poppyramid_only","mpop50t54","Pop","1028","194.033502261852","11.4740755657311","0.0363404977375566","0.0066832496777095","true","264243","158","0","0.031","0","true","-263215","250.22589794024142","true","0.5340497737556595","0.66832496777095","false"
"","demographic","poppyramid_only","mpop55t59","Pop","832","201.034822854151","14.6886561005196","0.0294117647058824","0.00699603368112421","true","241263","2555","0.6","0.028","0","true","-240431","2562.8967985465197","true","0.14117647058823968","0.699603368112421","false"
"","demographic","poppyramid_only","mpop5t9","Pop","901","183.809684184485","12.401599316159","0.0318509615384615","0.0063553740150345","true","247962","2654","0.7","0.029","0","true","-247061","2660.3574947739635","true","0.28509615384614984","0.6355374015034501","false"
"","demographic","poppyramid_only","mpop60t64","Pop","717","138.459380325061","11.7391682097444","0.0253464366515837","0.00477474363812206","true","214080","2767","0.8","0.025","0","true","-213363","2770.46205532579","true","0.03464366515837014","0.477474363812206","false"
"","demographic","poppyramid_only","mpop65t69","Pop","483","135.889661122545","17.1030428014555","0.0170743778280543","0.00474872142176211","true","165377","2055","0.8","0.019","0","true","-164894","2059.4880431796637","true","-0.19256221719456978","0.474872142176211","false"
"","demographic","poppyramid_only","mpop70t74","Pop","251","92.6228913390205","22.4325533946937","0.00887302036199095","0.00325251558663339","false","116631","1860","1","0.014","0","true","-116380","1862.3047548669365","true","-0.5126979638009052","0.325251558663339","false"
"","demographic","poppyramid_only","mpop75t79","Pop","241","100.049987506246","25.2367888373535","0.00851951357466063","0.00351827096288697","false","84197","1597","1.2","0.01","0","true","-83956","1600.1309321427418","true","-0.14804864253393712","0.35182709628869696","false"
"","demographic","poppyramid_only","mpop80t84","Pop","185","82.5893455598239","27.1385346454691","0.00653987556561086","0.00290634237282487","false","57050","1624","1.7","0.007","0","true","-56865","1626.0987054911518","true","0","0.290634237282487",""
"","demographic","poppyramid_only","mpop85pl","Pop","43","51.7880295048962","73.2141507102512","0.00152007918552036","0.00182960290865038","false","52648","1396","1.6","0.006","0","true","-52605","1396.9602714465434","true","-0.447992081447964","0.182960290865038","false"
"","demographic","poppyramid_only","pop","Pop","28288","1201.64179354748","2.58230109397452","1","0","true","8560072","0","0","1","0","true","-8531784","1201.64179354748","true","0","0",""
"","demographic","sex_and_age","fem","Pop_1","14006","723.293854529402","3.13931395676018","0.495121606334842","0.0145401775816248","true","4480165","304","0","0.523","0.001","true","-4466159","784.582691626574","true","-2.7878393665158043","1.4574524489848182","false"
"","demographic","sex_and_age","male","Pop_1","14282","789.41814015134","3.36009975423968","0.504878393665158","0.017855304259469","true","4079907","304","0","0.477","0.001","true","-4065625","845.9296661070592","true","2.7878393665158043","1.7883285218276082","false"
"","demographic","sex_and_age","mdage","median","34.36530833032816","1.000097409791717","1.7691153688984225","","","true","36.2","0.2","0.3","","","true","-1.834691669671841","1.019899421056852","false","","",""
"","demographic","sex_and_age","pop10t14","Pop_1","1712","251.374223022171","8.92588071407872","0.0605203619909502","0.00850624669980164","true","466865","3232","0.4","0.055","0.001","true","-465153","3241.7607869798167","true","0.5520361990950198","0.8564825329093776","false"
"","demographic","sex_and_age","pop15t19","Pop_1","1330","220.317952060199","10.0700665978106","0.0470164027149321","0.00752796029294526","true","470754","269","0","0.055","0.001","true","-469424","347.70821100457226","true","-0.7983597285067905","0.7594088896777579","false"
"","demographic","sex_and_age","pop20t24","Pop_1","1688","263.634216292195","9.49431050188692","0.0596719457013575","0.00896831411440046","true","605829","302","0","0.071","0.001","true","-604141","400.88277588342436","true","-1.1328054298642503","0.902389373023389","false"
"","demographic","sex_and_age","pop25t29","Pop_1","2758","377.430788357283","8.31911561739781","0.0974971719457014","0.0126833739105049","true","799350","267","0","0.093","0","true","-796592","462.32347982770693","true","0.44971719457013926","1.26833739105049","false"
"","demographic","sex_and_age","pop30t34","Pop_1","2773","358.754790908777","7.86469595346303","0.0980274321266968","0.0119791139284497","true","728269","337","0","0.085","0","true","-725496","492.2133683678251","true","1.3027432126696805","1.19791139284497","false"
"","demographic","sex_and_age","pop35t39","Pop_1","2078","276.615256267618","8.0921641474184","0.0734587104072398","0.00926728817901569","true","616797","4458","0.4","0.072","0.001","true","-614719","4466.573630871879","true","0.14587104072398027","0.9321085247594506","false"
"","demographic","sex_and_age","pop40t44","Pop_1","2055","305.339155694123","9.03243348032816","0.0726456447963801","0.0103434267724449","true","560621","4496","0.5","0.065","0.001","true","-558566","4506.356399576048","true","0.7645644796380093","1.039165421850294","false"
"","demographic","sex_and_age","pop45t49","Pop_1","1797","259.158252810903","8.76700115900371","0.0635251696832579","0.00875498968182297","true","554744","333","0","0.065","0","true","-552947","421.96208360467637","true","-0.14748303167421017","0.8754989681822971","false"
"","demographic","sex_and_age","pop50t54","Pop_1","1962","278.278637340346","8.62213786379962","0.0693580316742081","0.00938577892038941","true","555927","250","0","0.065","0","true","-553965","374.0842151173982","true","0.4358031674208105","0.9385778920389409","false"
"","demographic","sex_and_age","pop55t59","Pop_1","1572","261.336947253924","10.1060715737381","0.0555712669683258","0.00893175769416124","true","517646","3786","0.4","0.06","0.001","true","-516074","3795.00895914621","true","-0.4428733031674197","0.898756337987157","false"
"","demographic","sex_and_age","pop5t9","Pop_1","1729","259.027025617019","9.10718550937852","0.0611213235294118","0.00878097584360887","true","486318","3271","0.4","0.057","0.001","true","-484589","3281.2400095086005","true","0.4121323529411791","0.88377336894728","false"
"","demographic","sex_and_age","pop60t64","Pop_1","1359","228.473193175917","10.2199763895729","0.04804157239819","0.00781461036865625","true","468326","3789","0.5","0.055","0.001","true","-466967","3795.882110919674","true","-0.6958427601809998","0.7878333276392271","false"
"","demographic","sex_and_age","pop65pl1","Pop_1","2969","355.799100617188","7.2849864121185","0.104956165158371","0.011761039462819","true","1168268","139","0","0.136","0.001","true","-1165299","381.986910770513","true","-3.104383484162902","1.1803476150947474","false"
"","demographic","sex_and_age","pop65pl2","Pop65pl2","2969","355.799100617188","7.2849864121185","1","0","true","1168268","139","0","1","0","true","-1165299","381.986910770513","true","0","0",""
"","demographic","sex_and_age","pop65plf","Pop65pl2","1766","235.13613078385","8.09399191013815","0.59481306837319","0.0345132520307632","true","692365","63","0","0.593","0.001","true","-690599","243.42966129870004","true","0.18130683731900632","3.45277361803374","false"
"","demographic","sex_and_age","pop65plm","Pop65pl2","1203","213.384629249625","10.7828013173563","0.40518693162681","0.0529873541131138","true","475903","117","0","0.407","0.001","true","-474700","243.35570673399033","true","-0.1813068373189921","5.299678948680305","false"
"","demographic","sex_and_age","pop65t69","Pop_1","1163","210.371100676875","10.9961451061674","0.0411128393665158","0.00722879052034852","true","378022","3504","0.6","0.044","0","true","-376859","3510.3093880739343","true","-0.2887160633484189","0.722879052034852","false"
"","demographic","sex_and_age","pop70t74","Pop_1","615","147.824219937059","14.6118288913988","0.0217406674208145","0.00514343395470778","true","272617","2829","0.6","0.032","0","true","-272002","2832.8595094003513","true","-1.0259332579185503","0.514343395470778","false"
"","demographic","sex_and_age","pop75t79","Pop_1","636","160.112460477003","15.303899798991","0.0224830316742081","0.00557892692280003","true","204441","2445","0.7","0.024","0","true","-203805","2450.2369273194786","true","-0.15169683257918987","0.5578926922800029","false"
"","demographic","sex_and_age","pop80t84","Pop_1","350","108.935760886864","18.9206705839104","0.0123727375565611","0.00381491882574343","true","147588","2401","1","0.017","0","true","-147238","2403.4699914914686","true","-0.4627262443438902","0.38149188257434297","false"
"","demographic","sex_and_age","pop85pl","Pop_1","205","93.3702308018996","27.68781401198","0.00724688914027149","0.00328631436768132","false","165600","2313","0.8","0.019","0.001","true","-165395","2314.883798379521","true","-1.1753110859728508","0.3435092738664951","true"
"","demographic","sex_and_age","pop_1","Pop_1","28288","1201.64179354748","2.58230109397452","1","0","true","8560072","0","0","1","0","true","-8531784","1201.64179354748","true","0","0",""
"","demographic","sex_and_age","popu181","Pop_1","6751","641.535657621617","5.77679278964518","0.238652432126697","0.0202867393905589","true","1794644","111","0","0.21","0.001","true","-1787893","651.0675848174294","true","2.8652432126697","2.0311371078793625","false"
"","demographic","sex_and_age","popu18_2","PopU18_2","6751","641.535657621617","5.77679278964518","1","0","true","1794644","111","0","1","0","true","-1787893","651.0675848174294","true","0","0",""
"","demographic","sex_and_age","popu18f","PopU18_2","3110","399.642340099244","7.81169362677986","0.460672492964005","0.0398488094670928","true","879063","286","0","0.49","0","true","-875953","491.4366693684953","true","-2.9327507035995026","3.9848809467092803","false"
"","demographic","sex_and_age","popu18m","PopU18_2","3641","422.619213950336","7.05606636258178","0.539327507035995","0.0359469378880065","true","915581","298","0","0.51","0","true","-911940","517.1179749341536","true","2.9327507035994955","3.59469378880065","false"
"","demographic","sex_and_age","popu5","Pop_1","2506","435.348136552805","10.5606274194894","0.0885888009049774","0.0149226755382032","true","560358","242","0","0.065","0.001","true","-557852","498.08834557736816","true","2.35888009049774","1.4956144062507828","false"
